title,company,link
JavaScript/TypeScript Node Developer - Remote Full-Time W2,TSP Consulting,https://stackoverflow.com/jobs?id=394891
Frontend Engineer,Impala,https://stackoverflow.com/jobs?id=408485
Full-Stack React/Node Developer,Plex,https://stackoverflow.com/jobs?id=425132
Node Engineer | 100% Remote,G2i Inc,https://stackoverflow.com/jobs?id=405883
Engineering Manager / Lead,Impala,https://stackoverflow.com/jobs?id=408488
Senior Full-Stack Engineer (Vue/Node),Wisely,https://stackoverflow.com/jobs?id=405895
Data Migration Specialist (Remote),Curotec,https://stackoverflow.com/jobs?id=428206
Développeur Full-Stack JavaScript (React/Node) en Remote,SkillValue,https://stackoverflow.com/jobs?id=387926
Sr. Node Engineer [100% REMOTE],Clevertech,https://stackoverflow.com/jobs?id=429680
Senior Full Stack - React + Node + AWS - 100% Remote,Evolution Virtual,https://stackoverflow.com/jobs?id=419705
"Senior Backend Developer (Node, Event-Driven)",Nacelle,https://stackoverflow.com/jobs?id=395509
"Full Stack Engineer for Digital Consumer Products (Node, React)",Superformula,https://stackoverflow.com/jobs?id=200768
Fullstack (React/Node/PHP/MySQL) Developer for a Trending Music Company (Remote),"eMastered, LLC",https://stackoverflow.com/jobs?id=416121
Full Stack Software Engineer,Practichem,https://stackoverflow.com/jobs?id=428102
Terraform SDK - Contractor,Rollbar,https://stackoverflow.com/jobs?id=425446
Rust Developer (100% remote),simplestaking.com ltd,https://stackoverflow.com/jobs?id=382213
Full Stack Engineer for a Cryptocurrency startup,Chorus One,https://stackoverflow.com/jobs?id=423573
Blockchain Technical Writer ( 100% remote ),simplestaking.com ltd,https://stackoverflow.com/jobs?id=412448
OCaml Developer (100% remote),simplestaking.com ltd,https://stackoverflow.com/jobs?id=403091
Senior Software Engineer - Infrastructure,Outschool,https://stackoverflow.com/jobs?id=386170
DevOps Engineer,Practichem,https://stackoverflow.com/jobs?id=428591
"Senior Web Engineer, Fullstack",Homer,https://stackoverflow.com/jobs?id=419698
Senior Full Stack Engineer (REMOTE),Sector Labs,https://stackoverflow.com/jobs?id=406197
Senior Software Engineer,Outschool,https://stackoverflow.com/jobs?id=406476
Full Stack PHP Developer (m/f/d) - Bielefeld/Berlin/Remote,Egoditor GmbH,https://stackoverflow.com/jobs?id=408861
"Senior Engineer, Android",Homer,https://stackoverflow.com/jobs?id=422391
Senior Full-Stack Developer | 100% Remote | (US Only),GovSpend,https://stackoverflow.com/jobs?id=252175
Node.js Developer,BairesDev LLC,https://stackoverflow.com/jobs?id=430796
Full Stack Nuxt JS Developer,Nacelle,https://stackoverflow.com/jobs?id=384138
Senior TypeScript Developer,Vizir Software Studio,https://stackoverflow.com/jobs?id=421526
Senior Backend Developer,Makeen Technologies LLC,https://stackoverflow.com/jobs?id=417842
R&D Software Developer,"GPM, Corp.",https://stackoverflow.com/jobs?id=413113
Front End Developer - React/Gatsby (Remote),X-Team,https://stackoverflow.com/jobs?id=430360
Senior Software Engineer - Scala,Andela,https://stackoverflow.com/jobs?id=430375
"Back End Engineer (NodeJS, TypeScript): Remote (Global)",Modus Create,https://stackoverflow.com/jobs?id=430513
Sr Software Quality Engineer (SDET),"GrammaTech, Inc.",https://stackoverflow.com/jobs?id=406900
"Full Stack Engineer - Remote, USA ONLY",SocialChorus,https://stackoverflow.com/jobs?id=371379
FrontEnd Developer,BairesDev LLC,https://stackoverflow.com/jobs?id=430831
React Engineer | Native or Web | 100% Remote,G2i Inc,https://stackoverflow.com/jobs?id=229077
Sr. Full Stack Web Developer (a.k.a. “React Renegade”)-Local or Remote,InspectionXpert Corporation,https://stackoverflow.com/jobs?id=415350
"Senior Engineer, IAM Continuous Authentication",Auth0,https://stackoverflow.com/jobs?id=422707
DevOps Manager - Remote,SemanticBits,https://stackoverflow.com/jobs?id=414753
Security Engineer - Remote,SemanticBits,https://stackoverflow.com/jobs?id=416124
DevOps Content Developer,Cloud Academy,https://stackoverflow.com/jobs?id=428596
"SRE / DevOps (a.k.a. ""Keeper of the Code"") - Local or Remote",InspectionXpert Corporation,https://stackoverflow.com/jobs?id=415352
"DevOps Engineer (AWS, Heroku): Remote (Global)",Modus Create,https://stackoverflow.com/jobs?id=423176
DevOps Engineer (Azure): Remote (Global),Modus Create,https://stackoverflow.com/jobs?id=424207
Backend Developer,Spline,https://weworkremotely.com/remote-jobs/spline-backend-developer
Mozn ,React Native Developer,https://remoteok.io/remote-jobs/97918-remote-react-native-developer-mozn
InvestorFuse,Mid-level Software Engineer,https://remoteok.io/remote-jobs/97012-remote-mid-level-software-engineer-investorfuse
Vamstar,Senior Software Engineer,https://remoteok.io/remote-jobs/86896-remote-senior-software-engineer-vamstar
InReach Ventures,Front-end Developer,https://remoteok.io/remote-jobs/84870-remote-front-end-developer-inreach-ventures
Uprise,Full Stack Developer,https://remoteok.io/remote-jobs/84843-remote-full-stack-developer-uprise
Bitbond,Senior Full Stack Developer,https://remoteok.io/remote-jobs/84641-remote-senior-full-stack-developer-bitbond
RemoteLeads,Javascript Developer,https://remoteok.io/remote-jobs/84253-remote-javascript-developer-remoteleads
Professional Insight,Lead Developer,https://remoteok.io/remote-jobs/84193-remote-lead-developer-professional-insight
Savvy Apps,Node.js Developer,https://remoteok.io/remote-jobs/83994-remote-node-js-developer-savvy-apps
Savvy Apps,Javascript Developer,https://remoteok.io/remote-jobs/76636-remote-javascript-developer-savvy-apps
CodeCubed,React / Node Developer,https://remoteok.io/remote-jobs/76524-remote-react-node-developer-codecubed
Moveli,Full Stack Developer - React / Node,https://remoteok.io/remote-jobs/76368-remote-full-stack-developer-react-node-moveli
"2UP Technology, Inc",Javascript/react/node Developer,https://remoteok.io/remote-jobs/76267-remote-javascript-react-node-developer-2up-technology-inc
Soshace,Front-end React/angular Developer,https://remoteok.io/remote-jobs/76149-remote-front-end-react-angular-developer-soshace
Filestage,Senior Front End Developer,https://remoteok.io/remote-jobs/75993-remote-senior-front-end-developer-filestage
Obby,Full-stack JS Developer,https://remoteok.io/remote-jobs/75911-remote-full-stack-js-developer-obby
Specula.io,"Sr. Full-stack Developer (node, Vue, Typescript, Python, SQL, Elastic) - Fully Startup",https://remoteok.io/remote-jobs/75688-remote-sr-full-stack-developer-node-vue-typescript-python-sql-elastic-fully-remote-startup-specula-io
Beautiful.ai,"Software Engineer, Backend",https://remoteok.io/remote-jobs/74783-remote-software-engineer-backend-beautiful-ai
Soshace,Front-end Developer with React or Angular2+,https://remoteok.io/remote-jobs/74583-remote-front-end-developer-with-react-or-angular2-soshace
Obby,Full-stack JS Developer,https://remoteok.io/remote-jobs/74559-remote-remote-full-stack-js-developer-obby
Paperpile,"Javascript (node.js, React) Developer",https://remoteok.io/remote-jobs/74323-remote-javascript-node-js-react-developer-paperpile
Soshace,React / Angular Front-end Developer,https://remoteok.io/remote-jobs/73765-remote-react-angular-front-end-developer-soshace
Joyn,Senior Node JS Developer,https://remoteok.io/remote-jobs/73629-remote-senior-node-js-developer-joyn
Forager Logistics,Senior Software Engineer,https://remoteok.io/remote-jobs/73073-remote-senior-software-engineer-forager-logistics
Clevertech,"Sr. Full Stack Developer, Node/react",https://remoteok.io/remote-jobs/72827-remote-sr-full-stack-developer-node-react-clevertech
Jupiter,Full Stack Developer: React.js / React Native,https://remoteok.io/remote-jobs/72494-remote-full-stack-developer-react-js-react-native-jupiter
Uprise,Frontend or Full Stack Developer,https://remoteok.io/remote-jobs/72086-remote-frontend-or-full-stack-developer-uprise
Carb Manager,Front End Developer,https://remoteok.io/remote-jobs/71855-remote-front-end-developer-carb-manager
Soshace,"Front-end Javascript Developer with React, Vue or Angular",https://remoteok.io/remote-jobs/71563-remote-front-end-javascript-developer-with-react-vue-or-angular-soshace
Fuigo,Lead Engineer,https://remoteok.io/remote-jobs/71436-remote-lead-engineer-fuigo
Clevertech,Javascript Full Stack Developer,https://remoteok.io/remote-jobs/71154-remote-javascript-full-stack-developer-clevertech
Crossover,Software Engineer ($30k/year) Work,https://remoteok.io/remote-jobs/70909-remote-software-engineer-30k-year-remote-work-crossover
Crossover,Software Architect ($60k/year) Work,https://remoteok.io/remote-jobs/70907-remote-software-architect-60k-year-remote-work-crossover
Crossover,Chief Software Architect ($100k/year) Work,https://remoteok.io/remote-jobs/70905-remote-chief-software-architect-100k-year-remote-work-crossover
Soshace,Full-stack Javascript Developer,https://remoteok.io/remote-jobs/70901-remote-full-stack-javascript-developer-soshace
Sketch,Backend Developer,https://remoteok.io/remote-jobs/70864-remote-backend-developer-sketch
HigherEducation,Senior Node.js + React Developer,https://remoteok.io/remote-jobs/70387-remote-senior-node-js-react-developer-highereducation
Crossover,Javascript Chief Software Architect ( $100k/year),https://remoteok.io/remote-jobs/70063-remote-javascript-chief-software-architect-100k-year-crossover
Soshace,Front-end Javascript Developer,https://remoteok.io/remote-jobs/69821-remote-front-end-javascript-developer-soshace
Medmain Inc.,Senior Javascript Software Engineer,https://remoteok.io/remote-jobs/68467-remote-senior-javascript-software-engineer-medmain-inc-
Brain.fm,Fullstack Software Engineer,https://remoteok.io/remote-jobs/66884-remote-fullstack-software-engineer-brain-fm
Alacrity Law,Senior Software Engineer,https://remoteok.io/remote-jobs/66870-remote-senior-software-engineer-remote-alacrity-law
Clevertech,Blockchain Engineer,https://remoteok.io/remote-jobs/65504-remote-blockchain-engineer-clevertech
